run,data_type,model,score,method
0,real,xgbregressor_no_impute,1014268.7720965324,original
0,real,xgbregressor,1027549.8619871058,original
0,real,randomforestregressor,1085045.6896508571,original
0,real,lasso,973505.65915731,original
0,real,ridge,975311.8934698778,original
0,real,kneighborsregressor,1047281.5035744244,original
0,real,svr,1760192.4785931923,original
0,mar,xgbregressor_no_impute,1054066.543015259,original
0,mar,xgbregressor,1028830.6664261027,original
0,mar,randomforestregressor,1128859.3974529891,original
0,mar,lasso,1016651.2170753632,original
0,mar,ridge,1017872.6584981988,original
0,mar,kneighborsregressor,1086199.8956872746,original
0,mar,svr,1822313.4461336555,original
0,mnar,xgbregressor_no_impute,995269.8713538572,original
0,mnar,xgbregressor,998579.807014263,original
0,mnar,randomforestregressor,1060973.8349056807,original
0,mnar,lasso,1008974.291076978,original
0,mnar,ridge,1009126.243341404,original
0,mnar,kneighborsregressor,1077213.7355946472,original
0,mnar,svr,1510887.797776965,original
1,real,xgbregressor_no_impute,1044830.787969358,original
1,real,xgbregressor,1046999.9288038017,original
1,real,randomforestregressor,1138881.589065398,original
1,real,lasso,1032815.9153628114,original
1,real,ridge,1033263.7044304496,original
1,real,kneighborsregressor,1021547.6129488556,original
1,real,svr,1719290.1032857017,original
1,mar,xgbregressor_no_impute,1058860.5817442222,original
1,mar,xgbregressor,1111256.5288546898,original
1,mar,randomforestregressor,1182519.4584858916,original
1,mar,lasso,1100244.1411280315,original
1,mar,ridge,1102615.98079943,original
1,mar,kneighborsregressor,1083206.0287969024,original
1,mar,svr,1572995.3695959658,original
1,mnar,xgbregressor_no_impute,1024714.6280296204,original
1,mnar,xgbregressor,1037233.2790224876,original
1,mnar,randomforestregressor,1105972.312049712,original
1,mnar,lasso,1035989.0276621524,original
1,mnar,ridge,1033069.248454318,original
1,mnar,kneighborsregressor,1012647.4609665408,original
1,mnar,svr,1723334.2190839138,original
2,real,xgbregressor_no_impute,1137924.4732510743,original
2,real,xgbregressor,1132458.3566144526,original
2,real,randomforestregressor,1079262.528539143,original
2,real,lasso,1133206.063035238,original
2,real,ridge,1132418.7824545582,original
2,real,kneighborsregressor,1304814.200094527,original
2,real,svr,1731896.8906207834,original
2,mar,xgbregressor_no_impute,1148614.2475383135,original
2,mar,xgbregressor,1194566.6396033666,original
2,mar,randomforestregressor,1157953.6962675329,original
2,mar,lasso,1180747.2108119668,original
2,mar,ridge,1179066.3710080362,original
2,mar,kneighborsregressor,1325525.1027693136,original
2,mar,svr,1908629.1982869925,original
2,mnar,xgbregressor_no_impute,1160921.96306583,original
2,mnar,xgbregressor,1101254.8151981332,original
2,mnar,randomforestregressor,1160783.045922821,original
2,mnar,lasso,1191099.87318844,original
2,mnar,ridge,1193124.3413052172,original
2,mnar,kneighborsregressor,1335611.1579731037,original
2,mnar,svr,1771585.665829491,original
3,real,xgbregressor_no_impute,1312214.6041760023,original
3,real,xgbregressor,1261532.0286766028,original
3,real,randomforestregressor,1288258.1630178038,original
3,real,lasso,1176643.1989926188,original
3,real,ridge,1177379.3522061848,original
3,real,kneighborsregressor,1334665.5720093849,original
3,real,svr,1780180.3769928808,original
3,mar,xgbregressor_no_impute,1276699.7927482764,original
3,mar,xgbregressor,1287819.0427852343,original
3,mar,randomforestregressor,1301497.0664410857,original
3,mar,lasso,1237171.3436236714,original
3,mar,ridge,1238851.2062021105,original
3,mar,kneighborsregressor,1332706.6259626176,original
3,mar,svr,2079731.303297866,original
3,mnar,xgbregressor_no_impute,1287170.7375922557,original
3,mnar,xgbregressor,1217275.7869154883,original
3,mnar,randomforestregressor,1284054.9912362031,original
3,mnar,lasso,1184124.6230214902,original
3,mnar,ridge,1184827.01919896,original
3,mnar,kneighborsregressor,1427596.5420025354,original
3,mnar,svr,2087333.7161318357,original
4,real,xgbregressor_no_impute,1080242.3916124357,original
4,real,xgbregressor,1087975.3641863856,original
4,real,randomforestregressor,1163939.746295506,original
4,real,lasso,1096078.4626946382,original
4,real,ridge,1098025.1160046868,original
4,real,kneighborsregressor,1097163.7329344572,original
4,real,svr,1869962.4155751015,original
4,mar,xgbregressor_no_impute,1146280.54753876,original
4,mar,xgbregressor,1118150.9693993616,original
4,mar,randomforestregressor,1150588.5811292145,original
4,mar,lasso,1116943.2754127923,original
4,mar,ridge,1124408.409280605,original
4,mar,kneighborsregressor,1147515.9169133042,original
4,mar,svr,1773778.6142264048,original
4,mnar,xgbregressor_no_impute,1107668.4038457314,original
4,mnar,xgbregressor,1096651.502984592,original
4,mnar,randomforestregressor,1048149.3216105056,original
4,mnar,lasso,1089235.9645018177,original
4,mnar,ridge,1089522.4730662508,original
4,mnar,kneighborsregressor,1189646.7249271232,original
4,mnar,svr,1710873.6383024745,original
5,real,xgbregressor_no_impute,1167490.558432316,original
5,real,xgbregressor,1136637.7495507188,original
5,real,randomforestregressor,1165537.185052661,original
5,real,lasso,1161706.5081104084,original
5,real,ridge,1172922.6441555829,original
5,real,kneighborsregressor,1181142.6539664497,original
5,real,svr,1705655.238067747,original
5,mar,xgbregressor_no_impute,1165302.5966582643,original
5,mar,xgbregressor,1192985.9768949652,original
5,mar,randomforestregressor,1240495.217278102,original
5,mar,lasso,1204123.9286140532,original
5,mar,ridge,1216374.6199051023,original
5,mar,kneighborsregressor,1220920.2170311713,original
5,mar,svr,1616808.850797512,original
5,mnar,xgbregressor_no_impute,1110527.814224155,original
5,mnar,xgbregressor,1118320.3817017083,original
5,mnar,randomforestregressor,1209863.6909260005,original
5,mnar,lasso,1160926.57084219,original
5,mnar,ridge,1178109.3201769483,original
5,mnar,kneighborsregressor,1197046.00567798,original
5,mnar,svr,1729831.8474385166,original
6,real,xgbregressor_no_impute,1153628.197730735,original
6,real,xgbregressor,1162937.862581178,original
6,real,randomforestregressor,1283829.1495680446,original
6,real,lasso,1169986.7445954322,original
6,real,ridge,1171944.7128976765,original
6,real,kneighborsregressor,1256874.1010648294,original
6,real,svr,1901980.604486057,original
6,mar,xgbregressor_no_impute,1167549.7198693273,original
6,mar,xgbregressor,1186599.3383675034,original
6,mar,randomforestregressor,1272578.4567285562,original
6,mar,lasso,1208530.4260878866,original
6,mar,ridge,1210862.9389045753,original
6,mar,kneighborsregressor,1307334.659904223,original
6,mar,svr,2107050.688319644,original
6,mnar,xgbregressor_no_impute,1175431.4890848903,original
6,mnar,xgbregressor,1151733.6766924192,original
6,mnar,randomforestregressor,1173976.5860125085,original
6,mnar,lasso,1195615.736504469,original
6,mnar,ridge,1203009.2579184172,original
6,mnar,kneighborsregressor,1324521.2754006528,original
6,mnar,svr,1918113.822459143,original
7,real,xgbregressor_no_impute,871583.2817002644,original
7,real,xgbregressor,904795.7411931272,original
7,real,randomforestregressor,918213.1210288728,original
7,real,lasso,916586.106612378,original
7,real,ridge,914002.2843913937,original
7,real,kneighborsregressor,836059.0790575623,original
7,real,svr,1402445.993571826,original
7,mar,xgbregressor_no_impute,978018.7860597874,original
7,mar,xgbregressor,969882.732659836,original
7,mar,randomforestregressor,931478.7962688291,original
7,mar,lasso,966867.6319276376,original
7,mar,ridge,960594.5599060372,original
7,mar,kneighborsregressor,908799.9466985144,original
7,mar,svr,1350071.6432614871,original
7,mnar,xgbregressor_no_impute,888157.1881178984,original
7,mnar,xgbregressor,893923.1790212588,original
7,mnar,randomforestregressor,899218.04363227,original
7,mnar,lasso,951150.0065197216,original
7,mnar,ridge,949726.3547363044,original
7,mnar,kneighborsregressor,911737.2167307616,original
7,mnar,svr,1326682.9534265478,original
8,real,xgbregressor_no_impute,970902.8553936846,original
8,real,xgbregressor,951372.7093300628,original
8,real,randomforestregressor,962336.73218061,original
8,real,lasso,935317.7817527312,original
8,real,ridge,924152.363157494,original
8,real,kneighborsregressor,915708.1531724114,original
8,real,svr,1331827.9554701387,original
8,mar,xgbregressor_no_impute,952485.9702307204,original
8,mar,xgbregressor,941308.7294385522,original
8,mar,randomforestregressor,1038494.5776715912,original
8,mar,lasso,980956.0285635825,original
8,mar,ridge,969807.356600484,original
8,mar,kneighborsregressor,891706.5880857707,original
8,mar,svr,1474655.2239911698,original
8,mnar,xgbregressor_no_impute,936163.6891182668,original
8,mnar,xgbregressor,941357.7009074125,original
8,mnar,randomforestregressor,1000128.8938289284,original
8,mnar,lasso,916381.9925689742,original
8,mnar,ridge,914078.8125048697,original
8,mnar,kneighborsregressor,920601.4207327736,original
8,mnar,svr,1634251.8653054305,original
9,real,xgbregressor_no_impute,1052728.1279100063,original
9,real,xgbregressor,1001096.9503326444,original
9,real,randomforestregressor,1087364.7896602931,original
9,real,lasso,997305.9076066524,original
9,real,ridge,992992.3917267412,original
9,real,kneighborsregressor,1090369.774399035,original
9,real,svr,1525892.6143869497,original
9,mar,xgbregressor_no_impute,993197.7213586252,original
9,mar,xgbregressor,1024027.3541986007,original
9,mar,randomforestregressor,1106972.5488446555,original
9,mar,lasso,1016499.983155876,original
9,mar,ridge,1015356.17113214,original
9,mar,kneighborsregressor,1127680.5910814877,original
9,mar,svr,1659951.9783572298,original
9,mnar,xgbregressor_no_impute,1050933.22134299,original
9,mnar,xgbregressor,1013444.930711865,original
9,mnar,randomforestregressor,1032375.2640592832,original
9,mnar,lasso,1004726.4306065596,original
9,mnar,ridge,1000985.5270500252,original
9,mnar,kneighborsregressor,1160911.2050704367,original
9,mnar,svr,1403614.562181856,original
0,real,xgbregressor_no_impute,1024328.2762363256,synthpop
0,real,xgbregressor,1013662.399282856,synthpop
0,real,randomforestregressor,1071215.0162662235,synthpop
0,real,lasso,1044249.5595722252,synthpop
0,real,ridge,1033648.82790246,synthpop
0,real,kneighborsregressor,1129264.0205140568,synthpop
0,real,svr,1603500.019044357,synthpop
0,mar,xgbregressor_no_impute,1147347.431436347,synthpop
0,mar,xgbregressor,1124697.5508909123,synthpop
0,mar,randomforestregressor,1162807.7150300452,synthpop
0,mar,lasso,1032482.5045759868,synthpop
0,mar,ridge,1043970.15652287,synthpop
0,mar,kneighborsregressor,1072094.1868335751,synthpop
0,mar,svr,1698312.37424904,synthpop
0,mnar,xgbregressor_no_impute,1114008.2386826274,synthpop
0,mnar,xgbregressor,1136182.956515626,synthpop
0,mnar,randomforestregressor,1155117.4960014443,synthpop
0,mnar,lasso,1087188.085474348,synthpop
0,mnar,ridge,1072247.2251619953,synthpop
0,mnar,kneighborsregressor,1137838.986130861,synthpop
0,mnar,svr,1782993.46401757,synthpop
1,real,xgbregressor_no_impute,1324192.7726250538,synthpop
1,real,xgbregressor,1261800.023658496,synthpop
1,real,randomforestregressor,1296227.2547216455,synthpop
1,real,lasso,1072985.4674946675,synthpop
1,real,ridge,1068134.9296828804,synthpop
1,real,kneighborsregressor,1145798.502192913,synthpop
1,real,svr,1661499.1136278927,synthpop
1,mar,xgbregressor_no_impute,1131808.6171497616,synthpop
1,mar,xgbregressor,1202965.7684987902,synthpop
1,mar,randomforestregressor,1203186.384737953,synthpop
1,mar,lasso,1137729.9071282642,synthpop
1,mar,ridge,1138170.4630497105,synthpop
1,mar,kneighborsregressor,1118384.5548174065,synthpop
1,mar,svr,1483988.6229415485,synthpop
1,mnar,xgbregressor_no_impute,1103694.098866628,synthpop
1,mnar,xgbregressor,1058180.1818993671,synthpop
1,mnar,randomforestregressor,1080885.121912934,synthpop
1,mnar,lasso,1152884.308744617,synthpop
1,mnar,ridge,1133649.246669949,synthpop
1,mnar,kneighborsregressor,1103301.863574284,synthpop
1,mnar,svr,1744902.1378905096,synthpop
2,real,xgbregressor_no_impute,1300221.8381246962,synthpop
2,real,xgbregressor,1240992.3435727153,synthpop
2,real,randomforestregressor,1277378.9295195967,synthpop
2,real,lasso,1205959.790661593,synthpop
2,real,ridge,1207796.0431169956,synthpop
2,real,kneighborsregressor,1421806.1025270887,synthpop
2,real,svr,2059430.7294615104,synthpop
2,mar,xgbregressor_no_impute,1155085.720994512,synthpop
2,mar,xgbregressor,1176448.567627923,synthpop
2,mar,randomforestregressor,1214033.6760211017,synthpop
2,mar,lasso,1197086.070504137,synthpop
2,mar,ridge,1200367.676194046,synthpop
2,mar,kneighborsregressor,1320946.205854526,synthpop
2,mar,svr,1831713.769736735,synthpop
2,mnar,xgbregressor_no_impute,1240466.544256457,synthpop
2,mnar,xgbregressor,1188078.0691535233,synthpop
2,mnar,randomforestregressor,1212367.7835067075,synthpop
2,mnar,lasso,1249691.972110776,synthpop
2,mnar,ridge,1249650.0884314196,synthpop
2,mnar,kneighborsregressor,1373685.5294551775,synthpop
2,mnar,svr,1806153.3689761455,synthpop
3,real,xgbregressor_no_impute,1295639.765932315,synthpop
3,real,xgbregressor,1267587.8068843936,synthpop
3,real,randomforestregressor,1395186.0118159817,synthpop
3,real,lasso,1186454.133945753,synthpop
3,real,ridge,1183557.0696127426,synthpop
3,real,kneighborsregressor,1313196.5198035317,synthpop
3,real,svr,1809956.2429639676,synthpop
3,mar,xgbregressor_no_impute,1330490.6965221502,synthpop
3,mar,xgbregressor,1364846.8581090723,synthpop
3,mar,randomforestregressor,1459994.4976413045,synthpop
3,mar,lasso,1273049.946355595,synthpop
3,mar,ridge,1256057.9541342126,synthpop
3,mar,kneighborsregressor,1404873.8763932984,synthpop
3,mar,svr,1791590.1156292988,synthpop
3,mnar,xgbregressor_no_impute,1378293.7681516458,synthpop
3,mnar,xgbregressor,1264496.7598902297,synthpop
3,mnar,randomforestregressor,1302270.9725625354,synthpop
3,mnar,lasso,1244470.2647903524,synthpop
3,mnar,ridge,1234887.461891387,synthpop
3,mnar,kneighborsregressor,1351457.2708296943,synthpop
3,mnar,svr,2034943.1992260327,synthpop
4,real,xgbregressor_no_impute,1126434.036240362,synthpop
4,real,xgbregressor,1131237.7064518635,synthpop
4,real,randomforestregressor,1155696.6836045757,synthpop
4,real,lasso,1117083.878629985,synthpop
4,real,ridge,1124825.586977851,synthpop
4,real,kneighborsregressor,1231515.7204524777,synthpop
4,real,svr,1781563.5757214683,synthpop
4,mar,xgbregressor_no_impute,1210756.4957266012,synthpop
4,mar,xgbregressor,1248980.0203279073,synthpop
4,mar,randomforestregressor,1193565.0367330252,synthpop
4,mar,lasso,1152414.8575031336,synthpop
4,mar,ridge,1159328.4413244657,synthpop
4,mar,kneighborsregressor,1370744.554225632,synthpop
4,mar,svr,1736980.0148199145,synthpop
4,mnar,xgbregressor_no_impute,1198459.2537260528,synthpop
4,mnar,xgbregressor,1193721.466645947,synthpop
4,mnar,randomforestregressor,1298948.9297798967,synthpop
4,mnar,lasso,1156891.8663793236,synthpop
4,mnar,ridge,1138570.389587637,synthpop
4,mnar,kneighborsregressor,1272933.3147321164,synthpop
4,mnar,svr,1874316.7020649088,synthpop
5,real,xgbregressor_no_impute,1208804.0388850726,synthpop
5,real,xgbregressor,1196706.6373228529,synthpop
5,real,randomforestregressor,1274801.1254952634,synthpop
5,real,lasso,1198683.4668065675,synthpop
5,real,ridge,1200083.563724623,synthpop
5,real,kneighborsregressor,1316799.967885145,synthpop
5,real,svr,1634469.8271927368,synthpop
5,mar,xgbregressor_no_impute,1149679.2816475534,synthpop
5,mar,xgbregressor,1171009.5974125902,synthpop
5,mar,randomforestregressor,1343778.1960495054,synthpop
5,mar,lasso,1210427.3057705332,synthpop
5,mar,ridge,1217649.1221322515,synthpop
5,mar,kneighborsregressor,1282081.0020320625,synthpop
5,mar,svr,1573301.4624034704,synthpop
5,mnar,xgbregressor_no_impute,1296030.0250924807,synthpop
5,mnar,xgbregressor,1226190.2071118543,synthpop
5,mnar,randomforestregressor,1311700.0586673017,synthpop
5,mnar,lasso,1214038.1782120997,synthpop
5,mnar,ridge,1215505.6121451424,synthpop
5,mnar,kneighborsregressor,1266563.2656700315,synthpop
5,mnar,svr,1797442.8434386435,synthpop
6,real,xgbregressor_no_impute,1324645.613145406,synthpop
6,real,xgbregressor,1319291.573189833,synthpop
6,real,randomforestregressor,1419842.8729104465,synthpop
6,real,lasso,1179333.369330721,synthpop
6,real,ridge,1185415.184017423,synthpop
6,real,kneighborsregressor,1214542.337985751,synthpop
6,real,svr,1804986.6828864557,synthpop
6,mar,xgbregressor_no_impute,1342526.0591593354,synthpop
6,mar,xgbregressor,1349429.2857459637,synthpop
6,mar,randomforestregressor,1323991.1286725826,synthpop
6,mar,lasso,1263974.239328959,synthpop
6,mar,ridge,1266590.786367663,synthpop
6,mar,kneighborsregressor,1401517.3988577272,synthpop
6,mar,svr,2091608.619268066,synthpop
6,mnar,xgbregressor_no_impute,1377636.6157363823,synthpop
6,mnar,xgbregressor,1336485.4955130464,synthpop
6,mnar,randomforestregressor,1336678.9619792555,synthpop
6,mnar,lasso,1291289.2559945004,synthpop
6,mnar,ridge,1289035.9519305248,synthpop
6,mnar,kneighborsregressor,1403461.3417167345,synthpop
6,mnar,svr,1944341.5903591395,synthpop
7,real,xgbregressor_no_impute,995982.0420208398,synthpop
7,real,xgbregressor,1056833.3356091448,synthpop
7,real,randomforestregressor,1010695.7593360812,synthpop
7,real,lasso,967231.4515526626,synthpop
7,real,ridge,952600.7714601032,synthpop
7,real,kneighborsregressor,995869.647886983,synthpop
7,real,svr,1406173.2312486514,synthpop
7,mar,xgbregressor_no_impute,1045871.2730196164,synthpop
7,mar,xgbregressor,1042841.9988830072,synthpop
7,mar,randomforestregressor,1010417.0966623608,synthpop
7,mar,lasso,985609.0433883432,synthpop
7,mar,ridge,978533.8720691864,synthpop
7,mar,kneighborsregressor,948476.2977118916,synthpop
7,mar,svr,1598328.786551522,synthpop
7,mnar,xgbregressor_no_impute,975602.953097035,synthpop
7,mnar,xgbregressor,929975.7222121384,synthpop
7,mnar,randomforestregressor,1046428.373451068,synthpop
7,mnar,lasso,986145.3481157712,synthpop
7,mnar,ridge,980694.9945190068,synthpop
7,mnar,kneighborsregressor,953908.8652942162,synthpop
7,mnar,svr,1453272.3799710723,synthpop
8,real,xgbregressor_no_impute,966522.817395773,synthpop
8,real,xgbregressor,936773.3609774596,synthpop
8,real,randomforestregressor,975278.8911977344,synthpop
8,real,lasso,885064.4633069272,synthpop
8,real,ridge,883617.2411207764,synthpop
8,real,kneighborsregressor,1102755.5673370848,synthpop
8,real,svr,1528908.2936313914,synthpop
8,mar,xgbregressor_no_impute,918009.5350596772,synthpop
8,mar,xgbregressor,960975.7124210356,synthpop
8,mar,randomforestregressor,1008102.4273758656,synthpop
8,mar,lasso,952001.2661803684,synthpop
8,mar,ridge,954453.9982661244,synthpop
8,mar,kneighborsregressor,930194.257251063,synthpop
8,mar,svr,1514809.4309263674,synthpop
8,mnar,xgbregressor_no_impute,1021681.2513604612,synthpop
8,mnar,xgbregressor,1010706.932531675,synthpop
8,mnar,randomforestregressor,1154929.453265149,synthpop
8,mnar,lasso,941791.551975096,synthpop
8,mnar,ridge,929244.844225942,synthpop
8,mnar,kneighborsregressor,971878.4116580648,synthpop
8,mnar,svr,1446425.4597353777,synthpop
9,real,xgbregressor_no_impute,1174352.8301222508,synthpop
9,real,xgbregressor,1149769.8150654656,synthpop
9,real,randomforestregressor,1154208.234409112,synthpop
9,real,lasso,1053442.75301348,synthpop
9,real,ridge,1039848.1984776048,synthpop
9,real,kneighborsregressor,1248603.959201192,synthpop
9,real,svr,1576418.1194955136,synthpop
9,mar,xgbregressor_no_impute,1062295.9854601217,synthpop
9,mar,xgbregressor,1000603.5569698806,synthpop
9,mar,randomforestregressor,1060379.0472633669,synthpop
9,mar,lasso,1022000.1380876024,synthpop
9,mar,ridge,1016802.1263662248,synthpop
9,mar,kneighborsregressor,1185702.8335631385,synthpop
9,mar,svr,1501886.622602386,synthpop
9,mnar,xgbregressor_no_impute,1176925.323089108,synthpop
9,mnar,xgbregressor,1175809.547009373,synthpop
9,mnar,randomforestregressor,1061883.9265081114,synthpop
9,mnar,lasso,1030023.9674671976,synthpop
9,mnar,ridge,1020190.5645395505,synthpop
9,mnar,kneighborsregressor,1005299.5782826128,synthpop
9,mnar,svr,1393969.8384504097,synthpop
0,real,xgbregressor_no_impute,1169923.8699801548,synthesizer
0,real,xgbregressor,1153246.9324392567,synthesizer
0,real,randomforestregressor,1221520.0336751656,synthesizer
0,real,lasso,1028751.462898204,synthesizer
0,real,ridge,1015829.0444519904,synthesizer
0,real,kneighborsregressor,1147196.5032111576,synthesizer
0,real,svr,1704246.8187293368,synthesizer
0,mar,xgbregressor_no_impute,1054577.8524700615,synthesizer
0,mar,xgbregressor,1073759.5043460012,synthesizer
0,mar,randomforestregressor,1125148.5370186158,synthesizer
0,mar,lasso,1016828.5962648892,synthesizer
0,mar,ridge,1013808.104131478,synthesizer
0,mar,kneighborsregressor,1139814.274436223,synthesizer
0,mar,svr,1764128.073587013,synthesizer
0,mnar,xgbregressor_no_impute,1063317.2861849326,synthesizer
0,mnar,xgbregressor,1042960.1554911794,synthesizer
0,mnar,randomforestregressor,1153985.4843559775,synthesizer
0,mnar,lasso,1047583.3030441146,synthesizer
0,mnar,ridge,1039898.3992497209,synthesizer
0,mnar,kneighborsregressor,1172228.552050923,synthesizer
0,mnar,svr,1569816.011907016,synthesizer
1,real,xgbregressor_no_impute,1184100.1706543455,synthesizer
1,real,xgbregressor,1130288.298369647,synthesizer
1,real,randomforestregressor,1257623.0069985837,synthesizer
1,real,lasso,1056528.822409197,synthesizer
1,real,ridge,1055358.9396435514,synthesizer
1,real,kneighborsregressor,1160037.3144191727,synthesizer
1,real,svr,1534960.9488094111,synthesizer
1,mar,xgbregressor_no_impute,1054375.3737669494,synthesizer
1,mar,xgbregressor,1097265.4477983662,synthesizer
1,mar,randomforestregressor,1110517.621011236,synthesizer
1,mar,lasso,1142703.2536567803,synthesizer
1,mar,ridge,1140369.241862667,synthesizer
1,mar,kneighborsregressor,1097581.353355199,synthesizer
1,mar,svr,1488089.9693268624,synthesizer
1,mnar,xgbregressor_no_impute,1090649.4749869767,synthesizer
1,mnar,xgbregressor,1163826.143562762,synthesizer
1,mnar,randomforestregressor,1163301.1763651576,synthesizer
1,mnar,lasso,1049502.3691521653,synthesizer
1,mnar,ridge,1041596.5315012352,synthesizer
1,mnar,kneighborsregressor,1061615.9727980478,synthesizer
1,mnar,svr,1645795.153207881,synthesizer
2,real,xgbregressor_no_impute,1195757.1560307853,synthesizer
2,real,xgbregressor,1248916.8588754523,synthesizer
2,real,randomforestregressor,1145442.96026162,synthesizer
2,real,lasso,1098552.2563862216,synthesizer
2,real,ridge,1095752.9381801807,synthesizer
2,real,kneighborsregressor,1336177.0015604498,synthesizer
2,real,svr,1812126.0632306575,synthesizer
2,mar,xgbregressor_no_impute,1227294.952410462,synthesizer
2,mar,xgbregressor,1309779.2866045025,synthesizer
2,mar,randomforestregressor,1250129.7444088117,synthesizer
2,mar,lasso,1236486.1499336204,synthesizer
2,mar,ridge,1233111.865983753,synthesizer
2,mar,kneighborsregressor,1336884.8459812556,synthesizer
2,mar,svr,1904453.6528710085,synthesizer
2,mnar,xgbregressor_no_impute,1207576.7342139566,synthesizer
2,mnar,xgbregressor,1270411.298883367,synthesizer
2,mnar,randomforestregressor,1148987.2201215143,synthesizer
2,mnar,lasso,1224135.659936883,synthesizer
2,mnar,ridge,1223423.751100876,synthesizer
2,mnar,kneighborsregressor,1348345.0098480398,synthesizer
2,mnar,svr,1942924.40586069,synthesizer
3,real,xgbregressor_no_impute,1449436.727574737,synthesizer
3,real,xgbregressor,1495815.2319283749,synthesizer
3,real,randomforestregressor,1308892.5866581996,synthesizer
3,real,lasso,1174318.7133984691,synthesizer
3,real,ridge,1169472.093192526,synthesizer
3,real,kneighborsregressor,1409166.136912369,synthesizer
3,real,svr,2157791.6188394204,synthesizer
3,mar,xgbregressor_no_impute,1345652.9429908849,synthesizer
3,mar,xgbregressor,1332274.2453225208,synthesizer
3,mar,randomforestregressor,1366508.295344729,synthesizer
3,mar,lasso,1254012.5136075534,synthesizer
3,mar,ridge,1251677.37630057,synthesizer
3,mar,kneighborsregressor,1424299.009630767,synthesizer
3,mar,svr,2042122.4655829123,synthesizer
3,mnar,xgbregressor_no_impute,1463209.9777684622,synthesizer
3,mnar,xgbregressor,1361911.4475081395,synthesizer
3,mnar,randomforestregressor,1327273.0217126308,synthesizer
3,mnar,lasso,1192452.656511326,synthesizer
3,mnar,ridge,1182975.6312799894,synthesizer
3,mnar,kneighborsregressor,1491605.097952469,synthesizer
3,mnar,svr,1766458.623605714,synthesizer
4,real,xgbregressor_no_impute,1151009.697040133,synthesizer
4,real,xgbregressor,1169042.69723776,synthesizer
4,real,randomforestregressor,1213784.7741705754,synthesizer
4,real,lasso,1147248.8814296266,synthesizer
4,real,ridge,1137874.231867225,synthesizer
4,real,kneighborsregressor,1297547.8629356837,synthesizer
4,real,svr,1690910.3592774265,synthesizer
4,mar,xgbregressor_no_impute,1243358.5478634438,synthesizer
4,mar,xgbregressor,1237089.4887200035,synthesizer
4,mar,randomforestregressor,1244414.5001112684,synthesizer
4,mar,lasso,1138298.973812389,synthesizer
4,mar,ridge,1143696.4314738312,synthesizer
4,mar,kneighborsregressor,1263204.2716777138,synthesizer
4,mar,svr,1812426.172964919,synthesizer
4,mnar,xgbregressor_no_impute,1158301.443093724,synthesizer
4,mnar,xgbregressor,1212011.8094299268,synthesizer
4,mnar,randomforestregressor,1187664.3378871751,synthesizer
4,mnar,lasso,1132309.7153191466,synthesizer
4,mnar,ridge,1123039.186345185,synthesizer
4,mnar,kneighborsregressor,1216143.7553590008,synthesizer
4,mnar,svr,1765774.3448017396,synthesizer
5,real,xgbregressor_no_impute,1202074.6238452918,synthesizer
5,real,xgbregressor,1261117.7341480155,synthesizer
5,real,randomforestregressor,1302988.812422441,synthesizer
5,real,lasso,1133785.9688518357,synthesizer
5,real,ridge,1135617.3994933146,synthesizer
5,real,kneighborsregressor,1210420.3226335149,synthesizer
5,real,svr,1585093.952562522,synthesizer
5,mar,xgbregressor_no_impute,1134898.7974004843,synthesizer
5,mar,xgbregressor,1174319.5849169584,synthesizer
5,mar,randomforestregressor,1206204.172403865,synthesizer
5,mar,lasso,1196345.1282575142,synthesizer
5,mar,ridge,1199835.2693329777,synthesizer
5,mar,kneighborsregressor,1166664.3062113796,synthesizer
5,mar,svr,1614255.5033195522,synthesizer
5,mnar,xgbregressor_no_impute,1294209.1809129808,synthesizer
5,mnar,xgbregressor,1232914.5413300754,synthesizer
5,mnar,randomforestregressor,1271951.559770143,synthesizer
5,mnar,lasso,1155893.4966086678,synthesizer
5,mnar,ridge,1162754.4479683463,synthesizer
5,mnar,kneighborsregressor,1272184.078487413,synthesizer
5,mnar,svr,1727972.577298545,synthesizer
6,real,xgbregressor_no_impute,1257706.387858105,synthesizer
6,real,xgbregressor,1276125.4401928808,synthesizer
6,real,randomforestregressor,1376090.516351491,synthesizer
6,real,lasso,1206901.1723573124,synthesizer
6,real,ridge,1206665.406026845,synthesizer
6,real,kneighborsregressor,1361744.4772205665,synthesizer
6,real,svr,2035329.1170786256,synthesizer
6,mar,xgbregressor_no_impute,1326398.510563547,synthesizer
6,mar,xgbregressor,1306656.2800384054,synthesizer
6,mar,randomforestregressor,1372183.3540264608,synthesizer
6,mar,lasso,1201627.489537521,synthesizer
6,mar,ridge,1202559.3376417586,synthesizer
6,mar,kneighborsregressor,1432635.9303938637,synthesizer
6,mar,svr,2002843.2839185293,synthesizer
6,mnar,xgbregressor_no_impute,1218320.4804056014,synthesizer
6,mnar,xgbregressor,1289746.282541681,synthesizer
6,mnar,randomforestregressor,1281393.4331693223,synthesizer
6,mnar,lasso,1216020.6525341484,synthesizer
6,mnar,ridge,1216582.0354687884,synthesizer
6,mnar,kneighborsregressor,1385021.5647950585,synthesizer
6,mnar,svr,2005827.5790420005,synthesizer
7,real,xgbregressor_no_impute,1043577.1125853728,synthesizer
7,real,xgbregressor,1003980.3855289492,synthesizer
7,real,randomforestregressor,884502.3629537747,synthesizer
7,real,lasso,958486.515070177,synthesizer
7,real,ridge,937835.3240830996,synthesizer
7,real,kneighborsregressor,898703.0049858323,synthesizer
7,real,svr,1393992.837504849,synthesizer
7,mar,xgbregressor_no_impute,1035036.3487388494,synthesizer
7,mar,xgbregressor,1010223.638145306,synthesizer
7,mar,randomforestregressor,959856.628417619,synthesizer
7,mar,lasso,1010165.8968988432,synthesizer
7,mar,ridge,1004928.0875157956,synthesizer
7,mar,kneighborsregressor,981094.2390536926,synthesizer
7,mar,svr,1469972.4567418538,synthesizer
7,mnar,xgbregressor_no_impute,1086827.2398057147,synthesizer
7,mnar,xgbregressor,1028051.6562320346,synthesizer
7,mnar,randomforestregressor,941323.214548437,synthesizer
7,mnar,lasso,1027855.020634513,synthesizer
7,mnar,ridge,1012136.5429240068,synthesizer
7,mnar,kneighborsregressor,981316.0152354988,synthesizer
7,mnar,svr,1436656.716275534,synthesizer
8,real,xgbregressor_no_impute,1091452.3633108973,synthesizer
8,real,xgbregressor,1049786.4399267335,synthesizer
8,real,randomforestregressor,1081708.0442248078,synthesizer
8,real,lasso,1042360.6651817432,synthesizer
8,real,ridge,1038168.3212205048,synthesizer
8,real,kneighborsregressor,1064360.36344925,synthesizer
8,real,svr,1561644.6981813617,synthesizer
8,mar,xgbregressor_no_impute,1057581.1998358502,synthesizer
8,mar,xgbregressor,1064741.6451101382,synthesizer
8,mar,randomforestregressor,1095797.778802285,synthesizer
8,mar,lasso,1025301.1099525983,synthesizer
8,mar,ridge,1007555.3659949368,synthesizer
8,mar,kneighborsregressor,1045470.5344543628,synthesizer
8,mar,svr,1587245.9553012564,synthesizer
8,mnar,xgbregressor_no_impute,1053273.4200251296,synthesizer
8,mnar,xgbregressor,1134253.238420874,synthesizer
8,mnar,randomforestregressor,1157361.1001969953,synthesizer
8,mnar,lasso,984299.638182158,synthesizer
8,mnar,ridge,972343.7143116504,synthesizer
8,mnar,kneighborsregressor,1061687.5265362037,synthesizer
8,mnar,svr,1424820.9756877604,synthesizer
9,real,xgbregressor_no_impute,1077070.4703855682,synthesizer
9,real,xgbregressor,1108275.6898146218,synthesizer
9,real,randomforestregressor,1137509.3348573514,synthesizer
9,real,lasso,1032115.599077308,synthesizer
9,real,ridge,1024837.870264287,synthesizer
9,real,kneighborsregressor,1262431.018802461,synthesizer
9,real,svr,1468042.4218171888,synthesizer
9,mar,xgbregressor_no_impute,1165472.3013396976,synthesizer
9,mar,xgbregressor,1172484.3105019848,synthesizer
9,mar,randomforestregressor,1232593.7770778907,synthesizer
9,mar,lasso,1036782.6918404103,synthesizer
9,mar,ridge,1035745.0724838112,synthesizer
9,mar,kneighborsregressor,1223682.025299176,synthesizer
9,mar,svr,1386252.3336096804,synthesizer
9,mnar,xgbregressor_no_impute,1139009.45115757,synthesizer
9,mnar,xgbregressor,1089340.7209764265,synthesizer
9,mnar,randomforestregressor,1127709.723244864,synthesizer
9,mnar,lasso,1019408.3693164012,synthesizer
9,mnar,ridge,1011379.4858318028,synthesizer
9,mnar,kneighborsregressor,1133415.2815537343,synthesizer
9,mnar,svr,1671289.1957487538,synthesizer
